head_id	head_name	relation	tail_id	tail_name	confidence	source
861	Definition:Real Number	equivalent_to	19601	Definition:Functional/Real	0.9	equiv_section
7766	Definition:Pendant Vertex	equivalent_to	2329	Definition:Tree (Graph Theory)	0.9	equiv_section
2269	Definition:Parsing Sequence	equivalent_to	10228	Definition:Labeled Tree	0.9	equiv_section
1581	Definition:Radius of Convergence	equivalent_to	9941	Radius of Convergence from Limit of Sequence/Real Case	0.9	equiv_section
15324	Definition:System of Neighborhoods at Point	equivalent_to	15301	Definition:Neighborhood Filter/Point	0.9	equiv_section
13573	Definition:Minimally Inductive Set	equivalent_to	15521	Definition:Finite Ordinal	0.9	equiv_section
4659	Definition:Triangle Inequality	equivalent_to	21615	Definition:Field Norm of Complex Number	0.9	equiv_section
3435	Union of Empty Set	equivalent_to	15693	Definition:Indexed Family of Sets	0.9	equiv_section
8288	Definition:Category of Ordered Sets	equivalent_to	3352	Definition:Ordered Set	0.9	equiv_section
9718	Definition:Bounded Lattice	equivalent_to	9714	Definition:Lattice (Order Theory)	0.9	equiv_section
3353	Definition:Hasse Diagram	equivalent_to	6335	Zassenhaus Lemma	0.9	equiv_section
11382	Definition:Cartesian Plane	equivalent_to	11385	Definition:Cartesian Plane/Ordered Pair	0.9	equiv_section
3352	Definition:Ordered Set	equivalent_to	8288	Definition:Category of Ordered Sets	0.9	equiv_section
3853	Definition:Cycle Type	equivalent_to	319	Definition:Permutation	0.9	equiv_section
309	Definition:Inclusion Mapping	equivalent_to	15403	Definition:Abstract Algebra	0.9	equiv_section
7116	Definition:Strict Upper Closure	equivalent_to	7117	Definition:Upper Closure/Element	0.9	equiv_section
5106	Definition:Class (Class Theory)	equivalent_to	8557	Definition:Class of Infinite Cardinals	0.9	equiv_section
8318	Definition:Order Category	equivalent_to	3352	Definition:Ordered Set	0.9	equiv_section
30	Definition:Statement	equivalent_to	126	Definition:Relation	0.9	equiv_section
27391	Definition:Culmination	equivalent_to	16271	Definition:Astronomy	0.9	equiv_section
140	Definition:Commutative Semigroup	equivalent_to	110	Definition:Abelian Group	0.9	equiv_section
9770	Definition:Dual Ordering	equivalent_to	361	Definition:Ordering	0.9	equiv_section
11393	Definition:Formal Language	equivalent_to	11906	Definition:Literal	0.9	equiv_section
16478	Definition:Boolean Value	equivalent_to	9989	Definition:Truth Value/Aristotelian Logic	0.9	equiv_section
19891	Definition:Big-O Notation/Also known as	equivalent_to	5868	Definition:Little-O Notation	0.9	equiv_section
21753	Definition:Real Analytic Function	equivalent_to	5908	Definition:Analytic Function/Real Numbers	0.9	equiv_section
7117	Definition:Upper Closure/Element	equivalent_to	7116	Definition:Strict Upper Closure	0.9	equiv_section
11801	Definition:Associate/Integers	equivalent_to	11809	Definition:Associate of Integer	0.9	equiv_section
580	Definition:Ring Zero	equivalent_to	9062	Definition:Number Field	0.9	equiv_section
16786	Definition:Radioactive Decay/Stable	equivalent_to	16759	Definition:Chemical Element	0.9	equiv_section
18738	Definition:Payoff Table	equivalent_to	18760	Definition:Payoff Table/Entry	0.9	equiv_section
885	Definition:Real Function	equivalent_to	3239	Definition:Differentiability Class	0.9	equiv_section
2392	Definition:Free Occurrence	equivalent_to	2395	Definition:Free Variable	0.9	equiv_section
5892	Definition:Strictly Decreasing Mapping	equivalent_to	5883	Definition:Strictly Decreasing/Mapping	0.9	equiv_section
3812	Definition:Right Transversal	equivalent_to	6194	Definition:Transversal (Group Theory)/Right Transversal	0.9	equiv_section
16451	Definition:Singular Statement/Designatory Function	equivalent_to	16450	Definition:Designatory Function	0.9	equiv_section
3504	Definition:Closed Mapping	equivalent_to	8852	Definition:Closed under Mapping	0.9	equiv_section
7325	Definition:Integral of Positive Measurable Function	equivalent_to	2260	Definition:Argument	0.9	equiv_section
16266	Definition:Mechanics	equivalent_to	19873	Definition:Canonical Variable	0.9	equiv_section
19	Definition:Set	equivalent_to	19601	Definition:Functional/Real	0.9	equiv_section
18820	Definition:Payoff Function	equivalent_to	18793	Definition:Utility Function	0.9	equiv_section
15795	Definition:Alexandroff Extension	equivalent_to	9991	Definition:Compactification	0.9	equiv_section
16432	Definition:Union of Set of Sets	equivalent_to	8132	Limit Ordinal Equals its Union	0.9	equiv_section
8681	Definition:Object (Category Theory)	equivalent_to	5108	Definition:Metagraph	0.9	equiv_section
30	Definition:Statement	equivalent_to	31	Definition:Proposition	0.9	equiv_section
20553	Definition:Uniform Absolute Convergence of Product	equivalent_to	1677	Definition:Uniform Convergence	0.9	equiv_section
9430	Definition:Category with Products	equivalent_to	9358	Definition:Product (Category Theory)/General Definition	0.9	equiv_section
9358	Definition:Product (Category Theory)/General Definition	equivalent_to	9430	Definition:Category with Products	0.9	equiv_section
20625	Definition:Normed Division Ring	equivalent_to	25583	Definition:Topology Induced by Division Ring Norm	0.9	equiv_section
3291	Definition:Linear Operator	equivalent_to	6729	Definition:Finite Rank Operator	0.9	equiv_section
23681	Definition:Ring Action	equivalent_to	23680	Definition:Linear Ring Action	0.9	equiv_section
3393	Definition:Null String	equivalent_to	2236	Definition:Word (Formal Systems)	0.9	equiv_section
24427	Summation of Products of n Numbers taken m at a time with Repetitions	equivalent_to	753	Definition:Summation	0.9	equiv_section
14896	Definition:Diagonal of Parallelogram	equivalent_to	2795	Definition:Diameter of Parallelogram	0.9	equiv_section
362	Definition:Partially Ordered Set	equivalent_to	8318	Definition:Order Category	0.9	equiv_section
3436	Intersection of Empty Set	equivalent_to	15693	Definition:Indexed Family of Sets	0.9	equiv_section
19	Definition:Set	equivalent_to	7940	Definition:Indexing Set/Family of Sets	0.9	equiv_section
573	Abelian Group Induces Entropic Structure	equivalent_to	571	Definition:Entropic Structure	0.9	equiv_section
6335	Zassenhaus Lemma	equivalent_to	3353	Definition:Hasse Diagram	0.9	equiv_section
24921	Definition:Norm/Bounded Linear Transformation	equivalent_to	6578	Definition:Bounded Linear Operator	0.9	equiv_section
10798	Definition:Geometric Distribution/Shifted	equivalent_to	3168	Definition:Shifted Geometric Distribution	0.9	equiv_section
119	Definition:Group	equivalent_to	1046	Definition:Stabilizer	0.9	equiv_section
22880	Definition:Filtered Preordered Set	equivalent_to	6220	Definition:Directed Preordering	0.9	equiv_section
10705	Definition:Endorelation/General Definition	equivalent_to	16440	Definition:Arity	0.9	equiv_section
11851	Definition:Signature (Logic)	equivalent_to	16301	Definition:Model Theory	0.9	equiv_section
5531	Definition:Continued Proportion	equivalent_to	14939	Definition:Proportion/Continued	0.9	equiv_section
2949	Definition:Pascal's Triangle	equivalent_to	20421	Definition:Pascal's Triangle/Lesser Diagonal	0.9	equiv_section
23941	Product Rule for Divergence	equivalent_to	23918	Definition:Del Operator	0.9	equiv_section
753	Definition:Summation	equivalent_to	21048	Definition:Ore Number	0.9	equiv_section
12340	Definition:Unsatisfiable/Set of Formulas	equivalent_to	12378	Definition:Inconsistent (Logic)	0.9	equiv_section
2264	Definition:Propositional Formula	equivalent_to	88	Definition:Contingent Statement	0.9	equiv_section
39	Definition:Object	equivalent_to	30	Definition:Statement	0.9	equiv_section
6729	Definition:Finite Rank Operator	equivalent_to	3291	Definition:Linear Operator	0.9	equiv_section
6349	Definition:Subcontrary Statements	equivalent_to	81	Definition:Disjunction	0.9	equiv_section
18624	Definition:Reduced Residue System	equivalent_to	24829	Definition:Multiplicative Group of Reduced Residues	0.9	equiv_section
2327	Definition:Circuit (Graph Theory)	equivalent_to	2550	Condition for Edge to be Bridge	0.9	equiv_section
2653	Definition:Pseudograph	equivalent_to	2556	Definition:Loop-Graph	0.9	equiv_section
24939	Definition:Norm on Bounded Linear Transformation	equivalent_to	24921	Definition:Norm/Bounded Linear Transformation	0.9	equiv_section
2390	Definition:Bound Occurrence	equivalent_to	8753	Definition:Variable	0.9	equiv_section
10681	Definition:Empty Sequence	equivalent_to	6827	Definition:Sequence/Empty Sequence	0.9	equiv_section
23947	Curl of Curl is Gradient of Divergence minus Laplacian	equivalent_to	23918	Definition:Del Operator	0.9	equiv_section
11901	Definition:Vertex of Graph	equivalent_to	3353	Definition:Hasse Diagram	0.9	equiv_section
1869	Definition:Mersenne Number	equivalent_to	19973	Definition:Ramanujan-Nagell Number	0.9	equiv_section
45	Definition:Function	equivalent_to	12277	Definition:Real Function/Definition by Formula	0.9	equiv_section
26265	Definition:Order of Modified Bessel Function	equivalent_to	26268	Definition:Modified Bessel Function/Second Kind	0.9	equiv_section
10798	Definition:Geometric Distribution/Shifted	equivalent_to	3159	Definition:Expectation	0.9	equiv_section
20294	Definition:Ring of Polynomial Forms	equivalent_to	10500	Definition:Ring of Polynomials in Ring Element	0.9	equiv_section
21615	Definition:Field Norm of Complex Number	equivalent_to	6106	Definition:Norm	0.9	equiv_section
3353	Definition:Hasse Diagram	equivalent_to	11901	Definition:Vertex of Graph	0.9	equiv_section
15752	Definition:Addition in Minimally Inductive Set	equivalent_to	111	Definition:Binary Operation	0.9	equiv_section
2795	Definition:Diameter of Parallelogram	equivalent_to	1671	Definition:Parallelogram	0.9	equiv_section
7528	Definition:Positive/Rational Number	equivalent_to	19	Definition:Set	0.9	equiv_section
2624	Definition:Total Preordering	equivalent_to	16298	Definition:Game Theory	0.9	equiv_section
24375	Definition:String/Finite	equivalent_to	2243	Definition:Formal System	0.9	equiv_section
7737	Definition:Rig	equivalent_to	575	Definition:Semiring (Abstract Algebra)	0.9	equiv_section
10541	Definition:Polynomial Ring	equivalent_to	20294	Definition:Ring of Polynomial Forms	0.9	equiv_section
15752	Definition:Addition in Minimally Inductive Set	equivalent_to	127	Definition:Mapping	0.9	equiv_section
24921	Definition:Norm/Bounded Linear Transformation	equivalent_to	6598	Definition:Operator Norm	0.9	equiv_section
220	Definition:Image (Set Theory)	equivalent_to	127	Definition:Mapping	0.9	equiv_section
16277	Definition:Category Theory	equivalent_to	9435	Definition:Cartesian Closed Category	0.9	equiv_section
12366	Definition:Tableau Confutation	equivalent_to	24	Definition:Singleton	0.9	equiv_section
19	Definition:Set	equivalent_to	24427	Summation of Products of n Numbers taken m at a time with Repetitions	0.9	equiv_section
2628	Definition:Endorelation	equivalent_to	6173	Definition:Cofinal Subset	0.9	equiv_section
6303	Definition:Hilbert Space	equivalent_to	1712	Definition:Inner Product Space	0.9	equiv_section
578	Definition:Ring (Abstract Algebra)	equivalent_to	585	Definition:Unity (Abstract Algebra)/Ring	0.9	equiv_section
23532	Definition:Zero Locus of Subset of Ring	equivalent_to	23073	Definition:Vanishing Set of Subset of Ring	0.9	equiv_section
15313	Definition:Neighborhood Filter of Point	equivalent_to	15301	Definition:Neighborhood Filter/Point	0.9	equiv_section
25569	Definition:Sphere/Normed Division Ring	equivalent_to	24559	Definition:Metric Induced by Norm on Division Ring	0.9	equiv_section
2260	Definition:Argument	equivalent_to	7325	Definition:Integral of Positive Measurable Function	0.9	equiv_section
21048	Definition:Ore Number	equivalent_to	753	Definition:Summation	0.9	equiv_section
2603	Definition:Sierpiński Number of the Second Kind	equivalent_to	1842	Definition:Distinct	0.9	equiv_section
15699	Definition:Indexed Family	equivalent_to	15694	Definition:Indexing Set/Family	0.9	equiv_section
837	Definition:Prime Number	equivalent_to	19973	Definition:Ramanujan-Nagell Number	0.9	equiv_section
24921	Definition:Norm/Bounded Linear Transformation	equivalent_to	3291	Definition:Linear Operator	0.9	equiv_section
13197	Definition:Distinguish	equivalent_to	21069	Definition:Woodall Prime	0.9	equiv_section
134	Definition:Submagma	equivalent_to	133	Definition:Magma	0.9	equiv_section
16786	Definition:Radioactive Decay/Stable	equivalent_to	16780	Definition:Radioactive Isotope	0.9	equiv_section
1422	Definition:Polygon	equivalent_to	10684	Definition:Polygon/Height	0.9	equiv_section
15476	Definition:Commutative Algebraic Structure	equivalent_to	140	Definition:Commutative Semigroup	0.9	equiv_section
134	Definition:Submagma	equivalent_to	4840	Definition:Groupoid	0.9	equiv_section
1993	Definition:Absolute Convergence of Product	equivalent_to	19807	Definition:Convergent Product	0.9	equiv_section
23918	Definition:Del Operator	equivalent_to	23942	Product Rule for Curl	0.9	equiv_section
3370	Definition:Set of Sets	equivalent_to	16235	Definition:Analysis	0.9	equiv_section
220	Definition:Image (Set Theory)	equivalent_to	3244	Definition:Direct Image Mapping	0.9	equiv_section
12075	Definition:Strictly Positive Rational Number	equivalent_to	7528	Definition:Positive/Rational Number	0.9	equiv_section
24559	Definition:Metric Induced by Norm on Division Ring	equivalent_to	25529	Definition:Open Ball/Normed Division Ring	0.9	equiv_section
27642	Definition:Plastic Constant	equivalent_to	40	Definition:Symbol	0.9	equiv_section
26263	Definition:Modified Bessel Function	equivalent_to	26265	Definition:Order of Modified Bessel Function	0.9	equiv_section
736	Cardinality of Codomain of Surjection	equivalent_to	127	Definition:Mapping	0.9	equiv_section
11385	Definition:Cartesian Plane/Ordered Pair	equivalent_to	123	Definition:Ordered Pair	0.9	equiv_section
22397	Definition:Loop	equivalent_to	471	Definition:Algebra Loop	0.9	equiv_section
4677	Definition:Natural Number	equivalent_to	15521	Definition:Finite Ordinal	0.9	equiv_section
25420	Definition:Gillion	equivalent_to	25358	Definition:Milliard	0.9	equiv_section
133	Definition:Magma	equivalent_to	134	Definition:Submagma	0.9	equiv_section
592	Definition:Unit of Ring	equivalent_to	585	Definition:Unity (Abstract Algebra)/Ring	0.9	equiv_section
24918	Definition:Norm/Vector Space	equivalent_to	22938	Definition:Norm on Vector Space	0.9	equiv_section
3370	Definition:Set of Sets	equivalent_to	130	Definition:Algebraic Structure	0.9	equiv_section
16094	Definition:Mapping Induced on Powerset by Relation	equivalent_to	16092	Definition:Direct Image Mapping/Relation	0.9	equiv_section
11835	Infinite Number of Primes of form 4n - 1	equivalent_to	731	Definition:Infinite Set	0.9	equiv_section
3218	Definition:Diameter of Quadrilateral	equivalent_to	1423	Definition:Quadrilateral	0.9	equiv_section
8852	Definition:Closed under Mapping	equivalent_to	16229	Definition:Topology (Mathematical Branch)	0.9	equiv_section
26266	Definition:Modified Bessel Function/First Kind	equivalent_to	26269	Definition:Modified Bessel Function of the Second Kind	0.9	equiv_section
17475	Definition:Harmonic Function	equivalent_to	23932	Definition:Laplacian	0.9	equiv_section
9940	Radius of Convergence from Limit of Sequence/Complex Case	equivalent_to	1581	Definition:Radius of Convergence	0.9	equiv_section
16301	Definition:Model Theory	equivalent_to	11851	Definition:Signature (Logic)	0.9	equiv_section
7528	Definition:Positive/Rational Number	equivalent_to	12075	Definition:Strictly Positive Rational Number	0.9	equiv_section
10683	Definition:Height of Polygon	equivalent_to	10684	Definition:Polygon/Height	0.9	equiv_section
20421	Definition:Pascal's Triangle/Lesser Diagonal	equivalent_to	2949	Definition:Pascal's Triangle	0.9	equiv_section
220	Definition:Image (Set Theory)	equivalent_to	6254	Definition:Preimage of Mapping	0.9	equiv_section
6025	Definition:Closed Ball	equivalent_to	25530	Definition:Closed Ball/Normed Division Ring	0.9	equiv_section
18760	Definition:Payoff Table/Entry	equivalent_to	18738	Definition:Payoff Table	0.9	equiv_section
10705	Definition:Endorelation/General Definition	equivalent_to	6124	Definition:Codomain of Relation	0.9	equiv_section
3418	Definition:Euler Diagram	equivalent_to	3397	Definition:Venn Diagram	0.9	equiv_section
8538	Definition:Variable Element	equivalent_to	8537	Definition:Constant (Category Theory)	0.9	equiv_section
2392	Definition:Free Occurrence	equivalent_to	2390	Definition:Bound Occurrence	0.9	equiv_section
753	Definition:Summation	equivalent_to	18118	Definition:Telescoping Series	0.9	equiv_section
17830	Definition:Field Norm of Quaternion	equivalent_to	1150	Definition:Vector Space	0.9	equiv_section
20141	Definition:Cullen Prime	equivalent_to	13197	Definition:Distinguish	0.9	equiv_section
7394	Definition:Indexing Set/Term	equivalent_to	7397	Definition:Term of Family	0.9	equiv_section
23943	Divergence of Vector Cross Product	equivalent_to	750	Definition:Operation	0.9	equiv_section
15986	Definition:Congruence Modulo Integer	equivalent_to	11835	Infinite Number of Primes of form 4n - 1	0.9	equiv_section
27490	Definition:Meissel-Mertens Constant	equivalent_to	27493	Definition:Hadamard-de la Vallée-Poussin Constant	0.9	equiv_section
11958	Definition:Intuitionistic Propositional Logic	equivalent_to	33	Definition:Logic	0.9	equiv_section
1156	Definition:Real Vector Space	equivalent_to	15000	Definition:Euclidean Metric	0.9	equiv_section
1555	Definition:Simple Function	equivalent_to	1691	Definition:Sigma-Algebra	0.9	equiv_section
3076	Definition:Countably Additive Function	equivalent_to	3074	Definition:Additive Function (Measure Theory)	0.9	equiv_section
15925	Definition:Additive Inverse/Number	equivalent_to	15459	Definition:Negative Number	0.9	equiv_section
127	Definition:Mapping	equivalent_to	15752	Definition:Addition in Minimally Inductive Set	0.9	equiv_section
3678	Euclidean Domain is UFD	equivalent_to	5	Fundamental Theorem of Arithmetic	0.9	equiv_section
18009	Definition:Number Base/Integer Part	equivalent_to	1550	Definition:Integration	0.9	equiv_section
1046	Definition:Stabilizer	equivalent_to	1047	Stabilizer is Subgroup	0.9	equiv_section
16884	Definition:Generating Circle of Cycloid	equivalent_to	16883	Definition:Cycloid/Generating Circle	0.9	equiv_section
8956	Definition:Final Topology	equivalent_to	1123	Definition:Topology	0.9	equiv_section
1542	Definition:Strictly Negative	equivalent_to	1813	Definition:Negative	0.9	equiv_section
25947	Definition:Total Ordering Induced by Strict Positivity Property	equivalent_to	4142	Definition:Strict Positivity Property	0.9	equiv_section
6274	Definition:Sequence of Distinct Terms	equivalent_to	7080	Definition:Discrete Measure	0.9	equiv_section
4014	Definition:Term of Sequence	equivalent_to	18118	Definition:Telescoping Series	0.9	equiv_section
362	Definition:Partially Ordered Set	equivalent_to	8288	Definition:Category of Ordered Sets	0.9	equiv_section
12654	Definition:Partial Subtraction	equivalent_to	11779	Definition:Subtraction/Integers	0.9	equiv_section
9539	Definition:Modulo Operation/Modulo One	equivalent_to	1982	Definition:Fractional Part	0.9	equiv_section
11779	Definition:Subtraction/Integers	equivalent_to	12654	Definition:Partial Subtraction	0.9	equiv_section
23918	Definition:Del Operator	equivalent_to	23947	Curl of Curl is Gradient of Divergence minus Laplacian	0.9	equiv_section
6578	Definition:Bounded Linear Operator	equivalent_to	24921	Definition:Norm/Bounded Linear Transformation	0.9	equiv_section
9858	Definition:Ray (Order Theory)	equivalent_to	16021	Definition:Open Ray	0.9	equiv_section
19	Definition:Set	equivalent_to	5708	Definition:Generator of Subsemigroup	0.9	equiv_section
7881	Definition:Proof System	equivalent_to	11393	Definition:Formal Language	0.9	equiv_section
11863	Definition:Language of Propositional Logic	equivalent_to	11906	Definition:Literal	0.9	equiv_section
6106	Definition:Norm	equivalent_to	15082	Axiom:Multiplicative Norm Axioms	0.9	equiv_section
25	Definition:Subset	equivalent_to	15700	Definition:Indexing Set/Family of Subsets	0.9	equiv_section
34	Definition:Atom (Logic)	equivalent_to	2313	Definition:Logical Complement/Complementary Pair	0.9	equiv_section
13197	Definition:Distinguish	equivalent_to	20139	Definition:Cullen Number	0.9	equiv_section
150	Definition:Power Set	equivalent_to	336	Definition:Set of All Mappings	0.9	equiv_section
2670	Definition:Spanning Subgraph	equivalent_to	274	Definition:Graph (Graph Theory)	0.9	equiv_section
716	Definition:Ordered Structure	equivalent_to	3352	Definition:Ordered Set	0.9	equiv_section
2556	Definition:Loop-Graph	equivalent_to	2555	Definition:Loop-Multigraph	0.9	equiv_section
309	Definition:Inclusion Mapping	equivalent_to	519	Definition:Canonical Injection (Abstract Algebra)	0.9	equiv_section
18399	Definition:Signature (Logic)/Predicate Logic	equivalent_to	16301	Definition:Model Theory	0.9	equiv_section
16030	Definition:Order of Structure/Finite Structure	equivalent_to	16031	Definition:Finite Structure	0.9	equiv_section
19973	Definition:Ramanujan-Nagell Number	equivalent_to	2146	Definition:Positive Integer	0.9	equiv_section
6107	Definition:Norm on Division Ring	equivalent_to	25583	Definition:Topology Induced by Division Ring Norm	0.9	equiv_section
19	Definition:Set	equivalent_to	9088	Definition:Compact Topological Space/Subspace	0.9	equiv_section
16450	Definition:Designatory Function	equivalent_to	16451	Definition:Singular Statement/Designatory Function	0.9	equiv_section
33	Definition:Logic	equivalent_to	14601	Definition:Following Term	0.9	equiv_section
24	Definition:Singleton	equivalent_to	15032	Definition:Supremum Metric/Bounded Real Functions on Interval	0.9	equiv_section
5947	Definition:Identity Element	equivalent_to	9718	Definition:Bounded Lattice	0.9	equiv_section
9088	Definition:Compact Topological Space/Subspace	equivalent_to	19	Definition:Set	0.9	equiv_section
16648	Definition:Regular Enneagon	equivalent_to	16629	Definition:Nonagon/Regular	0.9	equiv_section
25530	Definition:Closed Ball/Normed Division Ring	equivalent_to	27041	Closed Ball in Normed Division Ring is Closed Ball in Induced Metric	0.9	equiv_section
19565	Definition:Orthogonal Latin Squares	equivalent_to	732	Definition:Cardinality	0.9	equiv_section
3173	Definition:Failure	equivalent_to	3157	Bernoulli Process as Geometric Distribution	0.9	equiv_section
30	Definition:Statement	equivalent_to	7870	Definition:Mathematical Logic	0.9	equiv_section
2964	Definition:Residue (Modulo Arithmetic)	equivalent_to	1925	Definition:Set of Residue Classes/Least Positive	0.9	equiv_section
16639	Definition:Regular Nonagon	equivalent_to	16629	Definition:Nonagon/Regular	0.9	equiv_section
16029	Definition:Order of Structure/Infinite Structure	equivalent_to	16032	Definition:Infinite Structure	0.9	equiv_section
25647	Definition:Real Variable	equivalent_to	19873	Definition:Canonical Variable	0.9	equiv_section
1182	Definition:Real Number Plane	equivalent_to	14999	Definition:Chebyshev Distance/General Definition	0.9	equiv_section
2667	Definition:Right Coset	equivalent_to	6194	Definition:Transversal (Group Theory)/Right Transversal	0.9	equiv_section
750	Definition:Operation	equivalent_to	23943	Divergence of Vector Cross Product	0.9	equiv_section
17830	Definition:Field Norm of Quaternion	equivalent_to	4659	Definition:Triangle Inequality	0.9	equiv_section
3082	Definition:Subadditive Function (Measure Theory)	equivalent_to	3084	Finite Union of Sets in Subadditive Function	0.9	equiv_section
15000	Definition:Euclidean Metric	equivalent_to	1156	Definition:Real Vector Space	0.9	equiv_section
25278	Sequence of Powers of Number less than One/Complex Numbers	equivalent_to	1857	Definition:Basic Null Sequence	0.9	equiv_section
17830	Definition:Field Norm of Quaternion	equivalent_to	578	Definition:Ring (Abstract Algebra)	0.9	equiv_section
24921	Definition:Norm/Bounded Linear Transformation	equivalent_to	6528	Definition:Bounded Linear Transformation	0.9	equiv_section
14601	Definition:Following Term	equivalent_to	9776	Definition:Consequent	0.9	equiv_section
4083	Definition:Abuse of Notation	equivalent_to	7325	Definition:Integral of Positive Measurable Function	0.9	equiv_section
15254	Definition:Wirth Interval Notation	equivalent_to	9858	Definition:Ray (Order Theory)	0.9	equiv_section
10500	Definition:Ring of Polynomials in Ring Element	equivalent_to	578	Definition:Ring (Abstract Algebra)	0.9	equiv_section
16683	Definition:Earth	equivalent_to	16717	Definition:Stationary	0.9	equiv_section
18820	Definition:Payoff Function	equivalent_to	18790	Definition:Consequence (Game Theory)	0.9	equiv_section
19523	Definition:Foiaș Constant	equivalent_to	19527	Definition:Foiaș Constant/Second	0.9	equiv_section
2556	Definition:Loop-Graph	equivalent_to	2653	Definition:Pseudograph	0.9	equiv_section
22278	Definition:Polynomial Ring/Indeterminate	equivalent_to	10541	Definition:Polynomial Ring	0.9	equiv_section
4084	Definition:Completion (Metric Space)	equivalent_to	1712	Definition:Inner Product Space	0.9	equiv_section
7870	Definition:Mathematical Logic	equivalent_to	47	Definition:Symbolic Logic	0.9	equiv_section
14939	Definition:Proportion/Continued	equivalent_to	2016	Definition:Geometric Sequence	0.9	equiv_section
7737	Definition:Rig	equivalent_to	136	Definition:Semigroup	0.9	equiv_section
11906	Definition:Literal	equivalent_to	11863	Definition:Language of Propositional Logic	0.9	equiv_section
9598	Definition:Stone Space	equivalent_to	4983	Definition:Type Space	0.9	equiv_section
27042	Sphere in Normed Division Ring is Sphere in Induced Metric	equivalent_to	25569	Definition:Sphere/Normed Division Ring	0.9	equiv_section
25583	Definition:Topology Induced by Division Ring Norm	equivalent_to	20625	Definition:Normed Division Ring	0.9	equiv_section
220	Definition:Image (Set Theory)	equivalent_to	25	Definition:Subset	0.9	equiv_section
7119	Definition:Upper Closure	equivalent_to	7116	Definition:Strict Upper Closure	0.9	equiv_section
7539	Definition:Negative/Integer	equivalent_to	13335	Definition:Strictly Negative Integer	0.9	equiv_section
127	Definition:Mapping	equivalent_to	344	Definition:Quotient Mapping	0.9	equiv_section
130	Definition:Algebraic Structure	equivalent_to	7737	Definition:Rig	0.9	equiv_section
7538	Definition:Negative/Real Number	equivalent_to	1690	Definition:Closure (Topology)	0.9	equiv_section
16271	Definition:Astronomy	equivalent_to	27391	Definition:Culmination	0.9	equiv_section
3083	Definition:Countably Subadditive Function	equivalent_to	3082	Definition:Subadditive Function (Measure Theory)	0.9	equiv_section
15693	Definition:Indexed Family of Sets	equivalent_to	3435	Union of Empty Set	0.9	equiv_section
6827	Definition:Sequence/Empty Sequence	equivalent_to	3520	Definition:Limit of Sequence (Number Field)	0.9	equiv_section
9858	Definition:Ray (Order Theory)	equivalent_to	16022	Definition:Closed Ray	0.9	equiv_section
19873	Definition:Canonical Variable	equivalent_to	25647	Definition:Real Variable	0.9	equiv_section
140	Definition:Commutative Semigroup	equivalent_to	119	Definition:Group	0.9	equiv_section
3159	Definition:Expectation	equivalent_to	10798	Definition:Geometric Distribution/Shifted	0.9	equiv_section
20035	Definition:Infinite Product	equivalent_to	20553	Definition:Uniform Absolute Convergence of Product	0.9	equiv_section
11779	Definition:Subtraction/Integers	equivalent_to	7870	Definition:Mathematical Logic	0.9	equiv_section
16636	Definition:Regular Hendecagon	equivalent_to	16631	Definition:Hendecagon/Regular	0.9	equiv_section
127	Definition:Mapping	equivalent_to	7325	Definition:Integral of Positive Measurable Function	0.9	equiv_section
22326	Definition:Iterated Binary Operation over Finite Set	equivalent_to	753	Definition:Summation	0.9	equiv_section
3084	Finite Union of Sets in Subadditive Function	equivalent_to	3082	Definition:Subadditive Function (Measure Theory)	0.9	equiv_section
3503	Definition:Neighborhood Basis	equivalent_to	3472	Definition:Local Basis	0.9	equiv_section
15699	Definition:Indexed Family	equivalent_to	3370	Definition:Set of Sets	0.9	equiv_section
614	Definition:Field (Abstract Algebra)	equivalent_to	580	Definition:Ring Zero	0.9	equiv_section
7136	Definition:External Direct Product/Structures with Two Operations	equivalent_to	493	Definition:Internal Direct Product	0.9	equiv_section
23071	Definition:Affine Commutative Scheme	equivalent_to	22975	Definition:Affine Scheme	0.9	equiv_section
10830	Definition:Closed Contour (Complex Plane)	equivalent_to	9480	Definition:Contour/Complex Plane	0.9	equiv_section
16099	Definition:Inverse Image Mapping/Mapping	equivalent_to	16098	Definition:Mapping Induced on Powerset by Inverse of Mapping	0.9	equiv_section
3074	Definition:Additive Function (Measure Theory)	equivalent_to	3076	Definition:Countably Additive Function	0.9	equiv_section
72	Definition:Sequent	equivalent_to	63	Definition:Premise	0.9	equiv_section
16780	Definition:Radioactive Isotope	equivalent_to	16786	Definition:Radioactive Decay/Stable	0.9	equiv_section
1712	Definition:Inner Product Space	equivalent_to	6303	Definition:Hilbert Space	0.9	equiv_section
20982	Definition:Permutable Prime	equivalent_to	19739	Definition:Emirp	0.9	equiv_section
19	Definition:Set	equivalent_to	3370	Definition:Set of Sets	0.9	equiv_section
6975	Definition:Dirac Measure	equivalent_to	127	Definition:Mapping	0.9	equiv_section
11343	Definition:Piecewise Continuously Differentiable Function	equivalent_to	1128	Definition:Smooth Real Function	0.9	equiv_section
10500	Definition:Ring of Polynomials in Ring Element	equivalent_to	20294	Definition:Ring of Polynomial Forms	0.9	equiv_section
15699	Definition:Indexed Family	equivalent_to	7394	Definition:Indexing Set/Term	0.9	equiv_section
22777	Definition:Opposite Category	equivalent_to	8336	Definition:Dual Category	0.9	equiv_section
11779	Definition:Subtraction/Integers	equivalent_to	13341	Definition:Natural Numbers	0.9	equiv_section
9097	Definition:Compact Subspace	equivalent_to	9088	Definition:Compact Topological Space/Subspace	0.9	equiv_section
20	Definition:Element	equivalent_to	5097	Definition:Indiscernible	0.9	equiv_section
19	Definition:Set	equivalent_to	5709	Definition:Generated Algebraic Substructure	0.9	equiv_section
14587	Definition:Essentially Bounded Function	equivalent_to	7990	Definition:Lebesgue Space/L-Infinity	0.9	equiv_section
78	Definition:Set Theory	equivalent_to	3370	Definition:Set of Sets	0.9	equiv_section
9099	Definition:Subobject	equivalent_to	9119	Definition:Subobject Class	0.9	equiv_section
22286	Definition:Unital Associative Commutative Algebra	equivalent_to	3621	Definition:Algebra over Ring	0.9	equiv_section
2627	Definition:Left-Total Relation	equivalent_to	10705	Definition:Endorelation/General Definition	0.9	equiv_section
18700	Definition:Payoff	equivalent_to	18826	Definition:Bach or Stravinsky?/Payoff Table	0.9	equiv_section
344	Definition:Quotient Mapping	equivalent_to	127	Definition:Mapping	0.9	equiv_section
13419	Definition:Positive Real Function	equivalent_to	13421	Definition:Strictly Positive Real Function	0.9	equiv_section
15032	Definition:Supremum Metric/Bounded Real Functions on Interval	equivalent_to	26	Definition:Set Union	0.9	equiv_section
2309	Definition:Singular Boolean Function	equivalent_to	12316	Definition:Model (Logic)	0.9	equiv_section
1754	Definition:Euclidean Geometry	equivalent_to	1156	Definition:Real Vector Space	0.9	equiv_section
21200	Definition:Amicable Triplet	equivalent_to	20568	Definition:Amicable Pair	0.9	equiv_section
7548	Definition:Ordering Induced by Positivity Property	equivalent_to	25943	Definition:Positivity Property	0.9	equiv_section
13839	Definition:Arithmetic-Geometric Sequence	equivalent_to	1389	Definition:Series	0.9	equiv_section
2550	Condition for Edge to be Bridge	equivalent_to	2327	Definition:Circuit (Graph Theory)	0.9	equiv_section
7080	Definition:Discrete Measure	equivalent_to	747	Definition:Sequence	0.9	equiv_section
13049	Definition:Theory	equivalent_to	12310	Definition:Logical Language	0.9	equiv_section
7533	Definition:Strictly Positive/Integer	equivalent_to	795	Definition:Number	0.9	equiv_section
3370	Definition:Set of Sets	equivalent_to	750	Definition:Operation	0.9	equiv_section
22346	Definition:Irreducible Component	equivalent_to	1687	Definition:Topological Subspace	0.9	equiv_section
16717	Definition:Stationary	equivalent_to	16683	Definition:Earth	0.9	equiv_section
2336	Definition:Cycle (Graph Theory)	equivalent_to	2550	Condition for Edge to be Bridge	0.9	equiv_section
21069	Definition:Woodall Prime	equivalent_to	20141	Definition:Cullen Prime	0.9	equiv_section
7538	Definition:Negative/Real Number	equivalent_to	7546	Definition:Strictly Negative Real Number	0.9	equiv_section
16229	Definition:Topology (Mathematical Branch)	equivalent_to	8852	Definition:Closed under Mapping	0.9	equiv_section
20570	Definition:Quasiamicable Numbers	equivalent_to	2206	Definition:Doubleton	0.9	equiv_section
12378	Definition:Inconsistent (Logic)	equivalent_to	12328	Definition:Unsatisfiable/Formula	0.9	equiv_section
14591	Definition:L-Infinity	equivalent_to	7990	Definition:Lebesgue Space/L-Infinity	0.9	equiv_section
8771	Subgroup is Superset of Conjugate iff Normal	equivalent_to	112	Normal Subgroup Test	0.9	equiv_section
493	Definition:Internal Direct Product	equivalent_to	485	Definition:External Direct Product	0.9	equiv_section
3512	Definition:Open Ball	equivalent_to	25529	Definition:Open Ball/Normed Division Ring	0.9	equiv_section
1842	Definition:Distinct	equivalent_to	2603	Definition:Sierpiński Number of the Second Kind	0.9	equiv_section
13830	Definition:Big-O Notation/Implied Constant	equivalent_to	4194	Definition:Implied Constant	0.9	equiv_section
3370	Definition:Set of Sets	equivalent_to	16229	Definition:Topology (Mathematical Branch)	0.9	equiv_section
18696	Definition:Player	equivalent_to	18826	Definition:Bach or Stravinsky?/Payoff Table	0.9	equiv_section
6615	Definition:Projection (Hilbert Spaces)	equivalent_to	6614	Definition:Idempotent Operator	0.9	equiv_section
614	Definition:Field (Abstract Algebra)	equivalent_to	24917	Definition:Norm/Division Ring	0.9	equiv_section
9627	Definition:Boolean Algebra	equivalent_to	4983	Definition:Type Space	0.9	equiv_section
10541	Definition:Polynomial Ring	equivalent_to	22328	Definition:Ring of Sequences of Finite Support	0.9	equiv_section
26267	Definition:Modified Bessel Function of the First Kind	equivalent_to	26266	Definition:Modified Bessel Function/First Kind	0.9	equiv_section
578	Definition:Ring (Abstract Algebra)	equivalent_to	17830	Definition:Field Norm of Quaternion	0.9	equiv_section
25	Definition:Subset	equivalent_to	9088	Definition:Compact Topological Space/Subspace	0.9	equiv_section
8557	Definition:Class of Infinite Cardinals	equivalent_to	5106	Definition:Class (Class Theory)	0.9	equiv_section
1156	Definition:Real Vector Space	equivalent_to	1121	Definition:Metric Space	0.9	equiv_section
15032	Definition:Supremum Metric/Bounded Real Functions on Interval	equivalent_to	24	Definition:Singleton	0.9	equiv_section
26	Definition:Set Union	equivalent_to	15032	Definition:Supremum Metric/Bounded Real Functions on Interval	0.9	equiv_section
11398	Definition:Polar Coordinates/Radial Coordinate	equivalent_to	11399	Definition:Radial Coordinate	0.9	equiv_section
27490	Definition:Meissel-Mertens Constant	equivalent_to	27491	Definition:Prime Reciprocal Constant	0.9	equiv_section
362	Definition:Partially Ordered Set	equivalent_to	9775	Definition:Dual Ordering/Dual Ordered Set	0.9	equiv_section
10299	Definition:Strictly Maximal Element	equivalent_to	5860	Definition:Maximal Element	0.9	equiv_section
22388	Definition:Total Ring of Fractions	equivalent_to	634	Definition:Quotient Ring	0.9	equiv_section
9991	Definition:Compactification	equivalent_to	15795	Definition:Alexandroff Extension	0.9	equiv_section
25943	Definition:Positivity Property	equivalent_to	7548	Definition:Ordering Induced by Positivity Property	0.9	equiv_section
8956	Definition:Final Topology	equivalent_to	3535	Definition:Identification Topology	0.9	equiv_section
1423	Definition:Quadrilateral	equivalent_to	3218	Definition:Diameter of Quadrilateral	0.9	equiv_section
2309	Definition:Singular Boolean Function	equivalent_to	5958	Definition:Unique	0.9	equiv_section
5958	Definition:Unique	equivalent_to	39	Definition:Object	0.9	equiv_section
6614	Definition:Idempotent Operator	equivalent_to	6615	Definition:Projection (Hilbert Spaces)	0.9	equiv_section
19565	Definition:Orthogonal Latin Squares	equivalent_to	19	Definition:Set	0.9	equiv_section
1150	Definition:Vector Space	equivalent_to	17830	Definition:Field Norm of Quaternion	0.9	equiv_section
7990	Definition:Lebesgue Space/L-Infinity	equivalent_to	14587	Definition:Essentially Bounded Function	0.9	equiv_section
25785	Definition:Associate in Integral Domain	equivalent_to	10777	Definition:Associate/Integral Domain	0.9	equiv_section
1567	Definition:Sphere	equivalent_to	25569	Definition:Sphere/Normed Division Ring	0.9	equiv_section
3175	Definition:Cumulative Distribution Function	equivalent_to	8003	Definition:Survival Function	0.9	equiv_section
30	Definition:Statement	equivalent_to	9989	Definition:Truth Value/Aristotelian Logic	0.9	equiv_section
34	Definition:Atom (Logic)	equivalent_to	37	Definition:Simple Statement	0.9	equiv_section
19807	Definition:Convergent Product	equivalent_to	1993	Definition:Absolute Convergence of Product	0.9	equiv_section
11385	Definition:Cartesian Plane/Ordered Pair	equivalent_to	11382	Definition:Cartesian Plane	0.9	equiv_section
634	Definition:Quotient Ring	equivalent_to	22388	Definition:Total Ring of Fractions	0.9	equiv_section
16110	Definition:Finite Cartesian Product	equivalent_to	342	Definition:Projection (Mapping Theory)	0.9	equiv_section
1212	Definition:Perpendicular	equivalent_to	10684	Definition:Polygon/Height	0.9	equiv_section
16763	Definition:Radioactive Element	equivalent_to	16786	Definition:Radioactive Decay/Stable	0.9	equiv_section
1800	Series Law for Extremal Length	equivalent_to	1805	Parallel Law for Extremal Length	0.9	equiv_section
1982	Definition:Fractional Part	equivalent_to	9539	Definition:Modulo Operation/Modulo One	0.9	equiv_section
7881	Definition:Proof System	equivalent_to	12340	Definition:Unsatisfiable/Set of Formulas	0.9	equiv_section
23942	Product Rule for Curl	equivalent_to	23918	Definition:Del Operator	0.9	equiv_section
16678	Definition:Celestial Body	equivalent_to	27391	Definition:Culmination	0.9	equiv_section
7538	Definition:Negative/Real Number	equivalent_to	7541	Definition:Negative Real Number	0.9	equiv_section
17189	Definition:Ideal Spring	equivalent_to	17190	Definition:Spring/Force Constant	0.9	equiv_section
18118	Definition:Telescoping Series	equivalent_to	4014	Definition:Term of Sequence	0.9	equiv_section
18228	Definition:WFF of Predicate Logic	equivalent_to	2390	Definition:Bound Occurrence	0.9	equiv_section
1973	Definition:Measure (Measure Theory)	equivalent_to	7325	Definition:Integral of Positive Measurable Function	0.9	equiv_section
10002	Definition:Conditional/Superimplicant	equivalent_to	10006	Definition:Superimplicant	0.9	equiv_section
2522	Definition:Digraph	equivalent_to	3353	Definition:Hasse Diagram	0.9	equiv_section
25225	Definition:Null Sequence	equivalent_to	6827	Definition:Sequence/Empty Sequence	0.9	equiv_section
7766	Definition:Pendant Vertex	equivalent_to	10892	Definition:Leaf Node	0.9	equiv_section
16097	Definition:Mapping Induced on Powerset by Inverse Relation	equivalent_to	16096	Definition:Inverse Image Mapping/Relation	0.9	equiv_section
25278	Sequence of Powers of Number less than One/Complex Numbers	equivalent_to	1370	Sequence of Powers of Reciprocals is Null Sequence	0.9	equiv_section
112	Normal Subgroup Test	equivalent_to	8771	Subgroup is Superset of Conjugate iff Normal	0.9	equiv_section
2388	Definition:Well-Formed Part	equivalent_to	2271	Definition:WFF	0.9	equiv_section
20750	Definition:Highly Composite Number	equivalent_to	21113	Definition:Highly Abundant Number	0.9	equiv_section
6311	Completion Theorem (Inner Product Space)	equivalent_to	1712	Definition:Inner Product Space	0.9	equiv_section
2206	Definition:Doubleton	equivalent_to	20570	Definition:Quasiamicable Numbers	0.9	equiv_section
25	Definition:Subset	equivalent_to	3252	Intersection with Complement is Empty iff Subset	0.9	equiv_section
19192	Definition:Feigenbaum Constants/Second	equivalent_to	19190	Definition:Second Feigenbaum Constant	0.9	equiv_section
342	Definition:Projection (Mapping Theory)	equivalent_to	749	Definition:Ordered Tuple	0.9	equiv_section
8753	Definition:Variable	equivalent_to	2390	Definition:Bound Occurrence	0.9	equiv_section
10646	Definition:Well-Formed Part/Proper Well-Formed Part	equivalent_to	2271	Definition:WFF	0.9	equiv_section
16298	Definition:Game Theory	equivalent_to	2624	Definition:Total Preordering	0.9	equiv_section
9437	Definition:Intermediate Value Property	equivalent_to	2419	Definition:Initial Value Problem	0.9	equiv_section
11955	Definition:Labeled Tree for Propositional Logic/Ancestor WFF	equivalent_to	10906	Definition:Ancestor Node	0.9	equiv_section
1556	Definition:Lebesgue Integral	equivalent_to	7461	Definition:Integral of Measure-Integrable Function	0.9	equiv_section
126	Definition:Relation	equivalent_to	220	Definition:Image (Set Theory)	0.9	equiv_section
23941	Product Rule for Divergence	equivalent_to	750	Definition:Operation	0.9	equiv_section
16786	Definition:Radioactive Decay/Stable	equivalent_to	16774	Definition:Isotope	0.9	equiv_section
11343	Definition:Piecewise Continuously Differentiable Function	equivalent_to	3239	Definition:Differentiability Class	0.9	equiv_section
344	Definition:Quotient Mapping	equivalent_to	311	Definition:Surjection	0.9	equiv_section
127	Definition:Mapping	equivalent_to	220	Definition:Image (Set Theory)	0.9	equiv_section
282	Fundamental Theorem on Equivalence Relations	equivalent_to	281	Definition:Quotient Set	0.9	equiv_section
1671	Definition:Parallelogram	equivalent_to	2795	Definition:Diameter of Parallelogram	0.9	equiv_section
18138	Definition:Cauchy's Matrix	equivalent_to	2901	Definition:Cauchy Matrix	0.9	equiv_section
13422	Definition:Strictly Negative Real Function	equivalent_to	13420	Definition:Negative Real Function	0.9	equiv_section
361	Definition:Ordering	equivalent_to	9770	Definition:Dual Ordering	0.9	equiv_section
15082	Axiom:Multiplicative Norm Axioms	equivalent_to	24977	Definition:Multiplicative Norm on Ring	0.9	equiv_section
5681	Definition:Real Multiplication	equivalent_to	7277	Definition:Pointwise Scalar Multiplication of Mappings/Real-Valued Functions	0.9	equiv_section
2603	Definition:Sierpiński Number of the Second Kind	equivalent_to	21252	Definition:Sierpiński Number of the First Kind	0.9	equiv_section
2419	Definition:Initial Value Problem	equivalent_to	9437	Definition:Intermediate Value Property	0.9	equiv_section
45	Definition:Function	equivalent_to	2144	Definition:Partial Function	0.9	equiv_section
3592	Definition:Cube Number	equivalent_to	21788	Wieferich's Criterion	0.9	equiv_section
22938	Definition:Norm on Vector Space	equivalent_to	24918	Definition:Norm/Vector Space	0.9	equiv_section
23073	Definition:Vanishing Set of Subset of Ring	equivalent_to	23532	Definition:Zero Locus of Subset of Ring	0.9	equiv_section
7832	Definition:Relation Symbol	equivalent_to	2251	Definition:Predicate Symbol	0.9	equiv_section
10541	Definition:Polynomial Ring	equivalent_to	22278	Definition:Polynomial Ring/Indeterminate	0.9	equiv_section
9088	Definition:Compact Topological Space/Subspace	equivalent_to	9097	Definition:Compact Subspace	0.9	equiv_section
27491	Definition:Prime Reciprocal Constant	equivalent_to	27490	Definition:Meissel-Mertens Constant	0.9	equiv_section
2901	Definition:Cauchy Matrix	equivalent_to	18138	Definition:Cauchy's Matrix	0.9	equiv_section
5860	Definition:Maximal Element	equivalent_to	10299	Definition:Strictly Maximal Element	0.9	equiv_section
14999	Definition:Chebyshev Distance/General Definition	equivalent_to	3318	Definition:Distance Function	0.9	equiv_section
40	Definition:Symbol	equivalent_to	16575	Definition:Word (Natural Language)	0.9	equiv_section
2666	Definition:Left Coset	equivalent_to	6193	Definition:Transversal (Group Theory)/Left Transversal	0.9	equiv_section
123	Definition:Ordered Pair	equivalent_to	11385	Definition:Cartesian Plane/Ordered Pair	0.9	equiv_section
25422	Definition:Zillion	equivalent_to	25423	Definition:Gazillion	0.9	equiv_section
9088	Definition:Compact Topological Space/Subspace	equivalent_to	1122	Definition:Topological Space	0.9	equiv_section
3244	Definition:Direct Image Mapping	equivalent_to	220	Definition:Image (Set Theory)	0.9	equiv_section
19565	Definition:Orthogonal Latin Squares	equivalent_to	19567	Definition:Mutually Orthogonal Latin Squares	0.9	equiv_section
13197	Definition:Distinguish	equivalent_to	20141	Definition:Cullen Prime	0.9	equiv_section
18826	Definition:Bach or Stravinsky?/Payoff Table	equivalent_to	18700	Definition:Payoff	0.9	equiv_section
18792	Definition:Preference Relation	equivalent_to	2624	Definition:Total Preordering	0.9	equiv_section
7135	Definition:External Direct Product/General Definition	equivalent_to	493	Definition:Internal Direct Product	0.9	equiv_section
557	Definition:Trivial Subgroup	equivalent_to	12267	Definition:Proper Subgroup/Non-Trivial	0.9	equiv_section
22899	Definition:Stronger Statement	equivalent_to	2550	Condition for Edge to be Bridge	0.9	equiv_section
12340	Definition:Unsatisfiable/Set of Formulas	equivalent_to	12334	Definition:Satisfiable	0.9	equiv_section
3370	Definition:Set of Sets	equivalent_to	20	Definition:Element	0.9	equiv_section
17830	Definition:Field Norm of Quaternion	equivalent_to	614	Definition:Field (Abstract Algebra)	0.9	equiv_section
24375	Definition:String/Finite	equivalent_to	2240	Definition:Finite String	0.9	equiv_section
22587	Second Principle of Recursive Definition	equivalent_to	747	Definition:Sequence	0.9	equiv_section
40	Definition:Symbol	equivalent_to	52	Definition:Natural Language	0.9	equiv_section
11185	Definition:Vertex of Polygon	equivalent_to	11187	Definition:Polygon/Opposite	0.9	equiv_section
8908	Definition:Metric	equivalent_to	15032	Definition:Supremum Metric/Bounded Real Functions on Interval	0.9	equiv_section
27278	Definition:Admiralty Mile	equivalent_to	27277	Definition:Nautical Mile	0.9	equiv_section
3520	Definition:Limit of Sequence (Number Field)	equivalent_to	6827	Definition:Sequence/Empty Sequence	0.9	equiv_section
749	Definition:Ordered Tuple	equivalent_to	22325	Definition:Indexed Iterated Binary Operation	0.9	equiv_section
7546	Definition:Strictly Negative Real Number	equivalent_to	7538	Definition:Negative/Real Number	0.9	equiv_section
2869	Definition:Radius	equivalent_to	11398	Definition:Polar Coordinates/Radial Coordinate	0.9	equiv_section
18399	Definition:Signature (Logic)/Predicate Logic	equivalent_to	11393	Definition:Formal Language	0.9	equiv_section
8688	Definition:Simple Random Sample	equivalent_to	6244	Definition:Ambiguity	0.9	equiv_section
9771	Definition:Antecedent	equivalent_to	14600	Definition:Leading Term	0.9	equiv_section
26460	Definition:Chess King	equivalent_to	14999	Definition:Chebyshev Distance/General Definition	0.9	equiv_section
220	Definition:Image (Set Theory)	equivalent_to	126	Definition:Relation	0.9	equiv_section
6173	Definition:Cofinal Subset	equivalent_to	2628	Definition:Endorelation	0.9	equiv_section
3370	Definition:Set of Sets	equivalent_to	5106	Definition:Class (Class Theory)	0.9	equiv_section
19	Definition:Set	equivalent_to	7538	Definition:Negative/Real Number	0.9	equiv_section
580	Definition:Ring Zero	equivalent_to	578	Definition:Ring (Abstract Algebra)	0.9	equiv_section
15301	Definition:Neighborhood Filter/Point	equivalent_to	15324	Definition:System of Neighborhoods at Point	0.9	equiv_section
7694	Definition:Row of Matrix	equivalent_to	1227	Definition:Matrix	0.9	equiv_section
16093	Definition:Mapping Induced on Powerset by Mapping	equivalent_to	16091	Definition:Direct Image Mapping/Mapping	0.9	equiv_section
1550	Definition:Integration	equivalent_to	18009	Definition:Number Base/Integer Part	0.9	equiv_section
578	Definition:Ring (Abstract Algebra)	equivalent_to	10500	Definition:Ring of Polynomials in Ring Element	0.9	equiv_section
24921	Definition:Norm/Bounded Linear Transformation	equivalent_to	1076	Definition:Linear Transformation	0.9	equiv_section
111	Definition:Binary Operation	equivalent_to	15752	Definition:Addition in Minimally Inductive Set	0.9	equiv_section
3157	Bernoulli Process as Geometric Distribution	equivalent_to	3173	Definition:Failure	0.9	equiv_section
8852	Definition:Closed under Mapping	equivalent_to	3504	Definition:Closed Mapping	0.9	equiv_section
3352	Definition:Ordered Set	equivalent_to	716	Definition:Ordered Structure	0.9	equiv_section
48	Definition:Propositional Logic	equivalent_to	37	Definition:Simple Statement	0.9	equiv_section
12268	Definition:Non-Trivial Proper Subgroup	equivalent_to	12267	Definition:Proper Subgroup/Non-Trivial	0.9	equiv_section
9941	Radius of Convergence from Limit of Sequence/Real Case	equivalent_to	1581	Definition:Radius of Convergence	0.9	equiv_section
11809	Definition:Associate of Integer	equivalent_to	11801	Definition:Associate/Integers	0.9	equiv_section
15403	Definition:Abstract Algebra	equivalent_to	309	Definition:Inclusion Mapping	0.9	equiv_section
63	Definition:Premise	equivalent_to	2358	Definition:Labeled Tree for Propositional Logic/Hypothesis Set	0.9	equiv_section
17190	Definition:Spring/Force Constant	equivalent_to	17189	Definition:Ideal Spring	0.9	equiv_section
23942	Product Rule for Curl	equivalent_to	750	Definition:Operation	0.9	equiv_section
25530	Definition:Closed Ball/Normed Division Ring	equivalent_to	24559	Definition:Metric Induced by Norm on Division Ring	0.9	equiv_section
25623	Definition:Tangent Space (Affine Geometry)	equivalent_to	9265	Definition:Difference Space	0.9	equiv_section
1227	Definition:Matrix	equivalent_to	7694	Definition:Row of Matrix	0.9	equiv_section
12310	Definition:Logical Language	equivalent_to	13049	Definition:Theory	0.9	equiv_section
21788	Wieferich's Criterion	equivalent_to	3592	Definition:Cube Number	0.9	equiv_section
1208	Definition:Radius of Circle	equivalent_to	11438	Definition:Sine/Definition from Circle	0.9	equiv_section
3082	Definition:Subadditive Function (Measure Theory)	equivalent_to	730	Definition:Finite	0.9	equiv_section
861	Definition:Real Number	equivalent_to	18009	Definition:Number Base/Integer Part	0.9	equiv_section
19973	Definition:Ramanujan-Nagell Number	equivalent_to	19	Definition:Set	0.9	equiv_section
56	Definition:Logical Formula	equivalent_to	12340	Definition:Unsatisfiable/Set of Formulas	0.9	equiv_section
16717	Definition:Stationary	equivalent_to	3628	Definition:Frame of Reference	0.9	equiv_section
7533	Definition:Strictly Positive/Integer	equivalent_to	2146	Definition:Positive Integer	0.9	equiv_section
9989	Definition:Truth Value/Aristotelian Logic	equivalent_to	32	Definition:Truth Value	0.9	equiv_section
3534	Definition:P-Product Metric	equivalent_to	6862	Definition:P-Norm	0.9	equiv_section
25529	Definition:Open Ball/Normed Division Ring	equivalent_to	24559	Definition:Metric Induced by Norm on Division Ring	0.9	equiv_section
11835	Infinite Number of Primes of form 4n - 1	equivalent_to	837	Definition:Prime Number	0.9	equiv_section
7195	Definition:Pointwise Operation	equivalent_to	111	Definition:Binary Operation	0.9	equiv_section
7538	Definition:Negative/Real Number	equivalent_to	19	Definition:Set	0.9	equiv_section
27506	Definition:Flat (Matroid)	equivalent_to	27497	Definition:Matroid	0.9	equiv_section
2243	Definition:Formal System	equivalent_to	24375	Definition:String/Finite	0.9	equiv_section
22433	Definition:Trivial Category	equivalent_to	8296	Definition:One (Category)	0.9	equiv_section
18009	Definition:Number Base/Integer Part	equivalent_to	861	Definition:Real Number	0.9	equiv_section
10798	Definition:Geometric Distribution/Shifted	equivalent_to	3146	Definition:Geometric Distribution	0.9	equiv_section
24034	Definition:Field of Rational Functions	equivalent_to	22308	Definition:Field of Rational Fractions	0.9	equiv_section
614	Definition:Field (Abstract Algebra)	equivalent_to	17830	Definition:Field Norm of Quaternion	0.9	equiv_section
5883	Definition:Strictly Decreasing/Mapping	equivalent_to	5892	Definition:Strictly Decreasing Mapping	0.9	equiv_section
10777	Definition:Associate/Integral Domain	equivalent_to	25785	Definition:Associate in Integral Domain	0.9	equiv_section
16022	Definition:Closed Ray	equivalent_to	9858	Definition:Ray (Order Theory)	0.9	equiv_section
25529	Definition:Open Ball/Normed Division Ring	equivalent_to	27040	Open Ball in Normed Division Ring is Open Ball in Induced Metric	0.9	equiv_section
8526	Definition:Two (Boolean Algebra)	equivalent_to	3561	Definition:Cayley Table	0.9	equiv_section
21066	Definition:Woodall Number	equivalent_to	20139	Definition:Cullen Number	0.9	equiv_section
16110	Definition:Finite Cartesian Product	equivalent_to	14999	Definition:Chebyshev Distance/General Definition	0.9	equiv_section
19	Definition:Set	equivalent_to	19973	Definition:Ramanujan-Nagell Number	0.9	equiv_section
767	Definition:Integer	equivalent_to	2603	Definition:Sierpiński Number of the Second Kind	0.9	equiv_section
6994	Definition:Preimage/Relation	equivalent_to	16114	Definition:Preimage under Relation	0.9	equiv_section
40	Definition:Symbol	equivalent_to	27642	Definition:Plastic Constant	0.9	equiv_section
5108	Definition:Metagraph	equivalent_to	5118	Definition:Morphism (Category Theory)	0.9	equiv_section
11835	Infinite Number of Primes of form 4n - 1	equivalent_to	15986	Definition:Congruence Modulo Integer	0.9	equiv_section
5106	Definition:Class (Class Theory)	equivalent_to	3370	Definition:Set of Sets	0.9	equiv_section
20	Definition:Element	equivalent_to	5708	Definition:Generator of Subsemigroup	0.9	equiv_section
5676	Definition:Unit of Algebra	equivalent_to	5777	Definition:Multiplicative Identity	0.9	equiv_section
342	Definition:Projection (Mapping Theory)	equivalent_to	16110	Definition:Finite Cartesian Product	0.9	equiv_section
19	Definition:Set	equivalent_to	12001	Definition:Generator of Monoid	0.9	equiv_section
1122	Definition:Topological Space	equivalent_to	25583	Definition:Topology Induced by Division Ring Norm	0.9	equiv_section
37	Definition:Simple Statement	equivalent_to	48	Definition:Propositional Logic	0.9	equiv_section
9088	Definition:Compact Topological Space/Subspace	equivalent_to	25	Definition:Subset	0.9	equiv_section
11954	Definition:Labeled Tree for Propositional Logic/Child WFF	equivalent_to	2349	Definition:Child Node	0.9	equiv_section
7325	Definition:Integral of Positive Measurable Function	equivalent_to	127	Definition:Mapping	0.9	equiv_section
795	Definition:Number	equivalent_to	15925	Definition:Additive Inverse/Number	0.9	equiv_section
6920	Definition:Subspace Topology	equivalent_to	9088	Definition:Compact Topological Space/Subspace	0.9	equiv_section
14600	Definition:Leading Term	equivalent_to	33	Definition:Logic	0.9	equiv_section
585	Definition:Unity (Abstract Algebra)/Ring	equivalent_to	592	Definition:Unit of Ring	0.9	equiv_section
18118	Definition:Telescoping Series	equivalent_to	753	Definition:Summation	0.9	equiv_section
24917	Definition:Norm/Division Ring	equivalent_to	614	Definition:Field (Abstract Algebra)	0.9	equiv_section
20553	Definition:Uniform Absolute Convergence of Product	equivalent_to	20035	Definition:Infinite Product	0.9	equiv_section
7870	Definition:Mathematical Logic	equivalent_to	30	Definition:Statement	0.9	equiv_section
23649	Definition:Everywhere Continuous Real Function	equivalent_to	22322	Definition:Continuous Real Function/Everywhere	0.9	equiv_section
16631	Definition:Hendecagon/Regular	equivalent_to	16636	Definition:Regular Hendecagon	0.9	equiv_section
8753	Definition:Variable	equivalent_to	2392	Definition:Free Occurrence	0.9	equiv_section
2313	Definition:Logical Complement/Complementary Pair	equivalent_to	34	Definition:Atom (Logic)	0.9	equiv_section
7722	Definition:Pointwise Scalar Multiplication of Extended Real-Valued Functions	equivalent_to	7167	Definition:Extended Real Multiplication	0.9	equiv_section
3890	Definition:Commutative and Unitary Ring	equivalent_to	4468	Definition:Prime Spectrum of Ring	0.9	equiv_section
12550	Definition:Inconsistent Formula	equivalent_to	12547	Definition:Unsatisfiable/Boolean Interpretations	0.9	equiv_section
8537	Definition:Constant (Category Theory)	equivalent_to	8538	Definition:Variable Element	0.9	equiv_section
3088	Definition:Measurable Space	equivalent_to	7249	Definition:Space of Simple Functions	0.9	equiv_section
10687	Definition:Linear Measure/Breadth	equivalent_to	3287	Definition:Breadth (Linear Measure)	0.9	equiv_section
27093	Definition:Zero Mapping	equivalent_to	16238	Definition:Real Analysis	0.9	equiv_section
4014	Definition:Term of Sequence	equivalent_to	14939	Definition:Proportion/Continued	0.9	equiv_section
1024	Definition:Geometric Figure	equivalent_to	10687	Definition:Linear Measure/Breadth	0.9	equiv_section
24977	Definition:Multiplicative Norm on Ring	equivalent_to	15082	Axiom:Multiplicative Norm Axioms	0.9	equiv_section
1973	Definition:Measure (Measure Theory)	equivalent_to	6975	Definition:Dirac Measure	0.9	equiv_section
10298	Definition:Strictly Minimal Element	equivalent_to	5856	Definition:Minimal Element	0.9	equiv_section
5	Fundamental Theorem of Arithmetic	equivalent_to	3678	Euclidean Domain is UFD	0.9	equiv_section
7394	Definition:Indexing Set/Term	equivalent_to	15699	Definition:Indexed Family	0.9	equiv_section
2881	Definition:Lebesgue Space	equivalent_to	1973	Definition:Measure (Measure Theory)	0.9	equiv_section
25583	Definition:Topology Induced by Division Ring Norm	equivalent_to	6107	Definition:Norm on Division Ring	0.9	equiv_section
7325	Definition:Integral of Positive Measurable Function	equivalent_to	1973	Definition:Measure (Measure Theory)	0.9	equiv_section
2396	Definition:Vocabulary	equivalent_to	16587	Definition:Structure for Predicate Logic	0.9	equiv_section
19835	Definition:Sequence of Partial Products	equivalent_to	20553	Definition:Uniform Absolute Convergence of Product	0.9	equiv_section
16031	Definition:Finite Structure	equivalent_to	16030	Definition:Order of Structure/Finite Structure	0.9	equiv_section
4983	Definition:Type Space	equivalent_to	9598	Definition:Stone Space	0.9	equiv_section
1047	Stabilizer is Subgroup	equivalent_to	1046	Definition:Stabilizer	0.9	equiv_section
15700	Definition:Indexing Set/Family of Subsets	equivalent_to	25	Definition:Subset	0.9	equiv_section
26269	Definition:Modified Bessel Function of the Second Kind	equivalent_to	26266	Definition:Modified Bessel Function/First Kind	0.9	equiv_section
33	Definition:Logic	equivalent_to	11958	Definition:Intuitionistic Propositional Logic	0.9	equiv_section
10687	Definition:Linear Measure/Breadth	equivalent_to	1024	Definition:Geometric Figure	0.9	equiv_section
1444	Two Straight Lines make Equal Opposite Angles	equivalent_to	14373	Definition:Vertical Angles	0.9	equiv_section
20	Definition:Element	equivalent_to	7117	Definition:Upper Closure/Element	0.9	equiv_section
1712	Definition:Inner Product Space	equivalent_to	6311	Completion Theorem (Inner Product Space)	0.9	equiv_section
5161	Definition:Finite Set	equivalent_to	22326	Definition:Iterated Binary Operation over Finite Set	0.9	equiv_section
7114	Definition:Strict Lower Closure	equivalent_to	405	Definition:Well-Ordered Set	0.9	equiv_section
22322	Definition:Continuous Real Function/Everywhere	equivalent_to	885	Definition:Real Function	0.9	equiv_section
8336	Definition:Dual Category	equivalent_to	22777	Definition:Opposite Category	0.9	equiv_section
4128	Definition:Algebraic Number Field	equivalent_to	9062	Definition:Number Field	0.9	equiv_section
2879	Definition:Multifunction	equivalent_to	45	Definition:Function	0.9	equiv_section
7951	Monotone Convergence Theorem (Measure Theory)	equivalent_to	7335	Beppo Levi's Theorem	0.9	equiv_section
11863	Definition:Language of Propositional Logic	equivalent_to	11862	Definition:Language of Propositional Logic/Formal Grammar	0.9	equiv_section
6827	Definition:Sequence/Empty Sequence	equivalent_to	10681	Definition:Empty Sequence	0.9	equiv_section
26263	Definition:Modified Bessel Function	equivalent_to	26268	Definition:Modified Bessel Function/Second Kind	0.9	equiv_section
22328	Definition:Ring of Sequences of Finite Support	equivalent_to	10541	Definition:Polynomial Ring	0.9	equiv_section
88	Definition:Contingent Statement	equivalent_to	2264	Definition:Propositional Formula	0.9	equiv_section
753	Definition:Summation	equivalent_to	24427	Summation of Products of n Numbers taken m at a time with Repetitions	0.9	equiv_section
23699	Correspondence between Abelian Groups and Z-Modules	equivalent_to	23702	Definition:Biadditive Mapping	0.9	equiv_section
5908	Definition:Analytic Function/Real Numbers	equivalent_to	21753	Definition:Real Analytic Function	0.9	equiv_section
4983	Definition:Type Space	equivalent_to	9627	Definition:Boolean Algebra	0.9	equiv_section
5670	Definition:Unital Algebra	equivalent_to	5676	Definition:Unit of Algebra	0.9	equiv_section
12378	Definition:Inconsistent (Logic)	equivalent_to	12340	Definition:Unsatisfiable/Set of Formulas	0.9	equiv_section
9119	Definition:Subobject Class	equivalent_to	9099	Definition:Subobject	0.9	equiv_section
10705	Definition:Endorelation/General Definition	equivalent_to	2627	Definition:Left-Total Relation	0.9	equiv_section
148	Definition:Equivalence Relation	equivalent_to	475	Definition:Congruence Relation	0.9	equiv_section
15033	Definition:Supremum Metric	equivalent_to	1121	Definition:Metric Space	0.9	equiv_section
9858	Definition:Ray (Order Theory)	equivalent_to	15254	Definition:Wirth Interval Notation	0.9	equiv_section
8318	Definition:Order Category	equivalent_to	362	Definition:Partially Ordered Set	0.9	equiv_section
13341	Definition:Natural Numbers	equivalent_to	11779	Definition:Subtraction/Integers	0.9	equiv_section
86	Definition:True	equivalent_to	88	Definition:Contingent Statement	0.9	equiv_section
7249	Definition:Space of Simple Functions	equivalent_to	3088	Definition:Measurable Space	0.9	equiv_section
16229	Definition:Topology (Mathematical Branch)	equivalent_to	3370	Definition:Set of Sets	0.9	equiv_section
26268	Definition:Modified Bessel Function/Second Kind	equivalent_to	26265	Definition:Order of Modified Bessel Function	0.9	equiv_section
2390	Definition:Bound Occurrence	equivalent_to	18228	Definition:WFF of Predicate Logic	0.9	equiv_section
6867	Minkowski's Inequality for Sums	equivalent_to	9227	Minkowski's Inequality for Sums/Corollary	0.9	equiv_section
1150	Definition:Vector Space	equivalent_to	21615	Definition:Field Norm of Complex Number	0.9	equiv_section
8557	Definition:Class of Infinite Cardinals	equivalent_to	3362	Definition:Cardinal	0.9	equiv_section
12267	Definition:Proper Subgroup/Non-Trivial	equivalent_to	557	Definition:Trivial Subgroup	0.9	equiv_section
11908	Definition:Boolean Domain	equivalent_to	2309	Definition:Singular Boolean Function	0.9	equiv_section
1690	Definition:Closure (Topology)	equivalent_to	7538	Definition:Negative/Real Number	0.9	equiv_section
15082	Axiom:Multiplicative Norm Axioms	equivalent_to	6106	Definition:Norm	0.9	equiv_section
33	Definition:Logic	equivalent_to	6121	Definition:Codomain (Set Theory)/Relation	0.9	equiv_section
15925	Definition:Additive Inverse/Number	equivalent_to	15458	Definition:Positive Number	0.9	equiv_section
22776	Definition:Direct Image Mapping of Relation	equivalent_to	6413	Definition:Image (Set Theory)/Relation	0.9	equiv_section
27497	Definition:Matroid	equivalent_to	27506	Definition:Flat (Matroid)	0.9	equiv_section
23918	Definition:Del Operator	equivalent_to	23941	Product Rule for Divergence	0.9	equiv_section
10743	Definition:Probability Theory	equivalent_to	8003	Definition:Survival Function	0.9	equiv_section
7123	Definition:Projection (Mapping Theory)/Second Projection	equivalent_to	123	Definition:Ordered Pair	0.9	equiv_section
9534	Bases of Vector Space have Equal Cardinality	equivalent_to	1174	Rank Plus Nullity Theorem	0.9	equiv_section
6220	Definition:Directed Preordering	equivalent_to	22880	Definition:Filtered Preordered Set	0.9	equiv_section
7461	Definition:Integral of Measure-Integrable Function	equivalent_to	16256	Definition:Measure Theory	0.9	equiv_section
12541	Definition:Tautology/Formal Semantics	equivalent_to	12369	Definition:Valid (Formal Systems)	0.9	equiv_section
4593	Definition:Hom Class	equivalent_to	19	Definition:Set	0.9	equiv_section
519	Definition:Canonical Injection (Abstract Algebra)	equivalent_to	309	Definition:Inclusion Mapping	0.9	equiv_section
19526	Definition:Second Foiaș Constant	equivalent_to	19527	Definition:Foiaș Constant/Second	0.9	equiv_section
12267	Definition:Proper Subgroup/Non-Trivial	equivalent_to	12268	Definition:Non-Trivial Proper Subgroup	0.9	equiv_section
44	Definition:Operation/Arity	equivalent_to	16440	Definition:Arity	0.9	equiv_section
3082	Definition:Subadditive Function (Measure Theory)	equivalent_to	3083	Definition:Countably Subadditive Function	0.9	equiv_section
3010	Definition:Semiprime Number	equivalent_to	39	Definition:Object	0.9	equiv_section
614	Definition:Field (Abstract Algebra)	equivalent_to	585	Definition:Unity (Abstract Algebra)/Ring	0.9	equiv_section
16649	Definition:Regular Undecagon	equivalent_to	16631	Definition:Hendecagon/Regular	0.9	equiv_section
11393	Definition:Formal Language	equivalent_to	7881	Definition:Proof System	0.9	equiv_section
24829	Definition:Multiplicative Group of Reduced Residues	equivalent_to	15526	Definition:Underlying Set of Structure	0.9	equiv_section
10889	Definition:Tree (Graph Theory)/Node	equivalent_to	11901	Definition:Vertex of Graph	0.9	equiv_section
1698	Definition:Real-Valued Function	equivalent_to	16315	Definition:Vector Analysis	0.9	equiv_section
7335	Beppo Levi's Theorem	equivalent_to	7951	Monotone Convergence Theorem (Measure Theory)	0.9	equiv_section
16440	Definition:Arity	equivalent_to	44	Definition:Operation/Arity	0.9	equiv_section
22322	Definition:Continuous Real Function/Everywhere	equivalent_to	23649	Definition:Everywhere Continuous Real Function	0.9	equiv_section
7325	Definition:Integral of Positive Measurable Function	equivalent_to	4083	Definition:Abuse of Notation	0.9	equiv_section
17830	Definition:Field Norm of Quaternion	equivalent_to	6106	Definition:Norm	0.9	equiv_section
15693	Definition:Indexed Family of Sets	equivalent_to	3436	Intersection of Empty Set	0.9	equiv_section
15521	Definition:Finite Ordinal	equivalent_to	13573	Definition:Minimally Inductive Set	0.9	equiv_section
24427	Summation of Products of n Numbers taken m at a time with Repetitions	equivalent_to	19	Definition:Set	0.9	equiv_section
19973	Definition:Ramanujan-Nagell Number	equivalent_to	2015	Definition:Triangular Number	0.9	equiv_section
2217	Definition:Well-Ordering	equivalent_to	10710	Definition:Strict Strong Well-Ordering	0.9	equiv_section
140	Definition:Commutative Semigroup	equivalent_to	15476	Definition:Commutative Algebraic Structure	0.9	equiv_section
18793	Definition:Utility Function	equivalent_to	18820	Definition:Payoff Function	0.9	equiv_section
6862	Definition:P-Norm	equivalent_to	3534	Definition:P-Product Metric	0.9	equiv_section
20139	Definition:Cullen Number	equivalent_to	13197	Definition:Distinguish	0.9	equiv_section
26263	Definition:Modified Bessel Function	equivalent_to	26266	Definition:Modified Bessel Function/First Kind	0.9	equiv_section
3968	Definition:Quaternion	equivalent_to	17830	Definition:Field Norm of Quaternion	0.9	equiv_section
2795	Definition:Diameter of Parallelogram	equivalent_to	14896	Definition:Diagonal of Parallelogram	0.9	equiv_section
4659	Definition:Triangle Inequality	equivalent_to	17830	Definition:Field Norm of Quaternion	0.9	equiv_section
750	Definition:Operation	equivalent_to	23942	Product Rule for Curl	0.9	equiv_section
6106	Definition:Norm	equivalent_to	17830	Definition:Field Norm of Quaternion	0.9	equiv_section
142	Definition:Subset Product	equivalent_to	15402	Definition:Group Theory	0.9	equiv_section
11851	Definition:Signature (Logic)	equivalent_to	11393	Definition:Formal Language	0.9	equiv_section
9480	Definition:Contour/Complex Plane	equivalent_to	10830	Definition:Closed Contour (Complex Plane)	0.9	equiv_section
8956	Definition:Final Topology	equivalent_to	127	Definition:Mapping	0.9	equiv_section
23918	Definition:Del Operator	equivalent_to	23943	Divergence of Vector Cross Product	0.9	equiv_section
2027	Definition:Hexagonal Number	equivalent_to	20051	Definition:Centered Hexagonal Number	0.9	equiv_section
15328	Definition:Topological Space Induced by Neighborhood Space	equivalent_to	1122	Definition:Topological Space	0.9	equiv_section
9989	Definition:Truth Value/Aristotelian Logic	equivalent_to	16478	Definition:Boolean Value	0.9	equiv_section
2550	Condition for Edge to be Bridge	equivalent_to	22899	Definition:Stronger Statement	0.9	equiv_section
11865	Definition:Real Cartesian Space	equivalent_to	1156	Definition:Real Vector Space	0.9	equiv_section
2146	Definition:Positive Integer	equivalent_to	7533	Definition:Strictly Positive/Integer	0.9	equiv_section
14600	Definition:Leading Term	equivalent_to	9771	Definition:Antecedent	0.9	equiv_section
16235	Definition:Analysis	equivalent_to	3370	Definition:Set of Sets	0.9	equiv_section
2420	Definition:General Solution	equivalent_to	2862	Definition:Equation	0.9	equiv_section
1040	Definition:Group Action	equivalent_to	21536	Definition:Conjugacy Action	0.9	equiv_section
19527	Definition:Foiaș Constant/Second	equivalent_to	19523	Definition:Foiaș Constant	0.9	equiv_section
14999	Definition:Chebyshev Distance/General Definition	equivalent_to	26460	Definition:Chess King	0.9	equiv_section
15699	Definition:Indexed Family	equivalent_to	15700	Definition:Indexing Set/Family of Subsets	0.9	equiv_section
12340	Definition:Unsatisfiable/Set of Formulas	equivalent_to	56	Definition:Logical Formula	0.9	equiv_section
452	Definition:Invertible Element	equivalent_to	592	Definition:Unit of Ring	0.9	equiv_section
19523	Definition:Foiaș Constant	equivalent_to	19526	Definition:Second Foiaș Constant	0.9	equiv_section
23943	Divergence of Vector Cross Product	equivalent_to	23918	Definition:Del Operator	0.9	equiv_section
19	Definition:Set	equivalent_to	18820	Definition:Payoff Function	0.9	equiv_section
7870	Definition:Mathematical Logic	equivalent_to	11779	Definition:Subtraction/Integers	0.9	equiv_section
16091	Definition:Direct Image Mapping/Mapping	equivalent_to	16093	Definition:Mapping Induced on Powerset by Mapping	0.9	equiv_section
2262	Definition:Logical NAND	equivalent_to	3438	Definition:Conflation	0.9	equiv_section
4840	Definition:Groupoid	equivalent_to	134	Definition:Submagma	0.9	equiv_section
14939	Definition:Proportion/Continued	equivalent_to	4014	Definition:Term of Sequence	0.9	equiv_section
16629	Definition:Nonagon/Regular	equivalent_to	16648	Definition:Regular Enneagon	0.9	equiv_section
24559	Definition:Metric Induced by Norm on Division Ring	equivalent_to	25569	Definition:Sphere/Normed Division Ring	0.9	equiv_section
6123	Definition:Codomain of Mapping	equivalent_to	19601	Definition:Functional/Real	0.9	equiv_section
11862	Definition:Language of Propositional Logic/Formal Grammar	equivalent_to	2241	Definition:Formal Grammar	0.9	equiv_section
22326	Definition:Iterated Binary Operation over Finite Set	equivalent_to	5161	Definition:Finite Set	0.9	equiv_section
18847	Definition:Second Price Auction	equivalent_to	18846	Definition:Sealed-Bid Auction/Second Price	0.9	equiv_section
5867	Definition:Big-O Notation	equivalent_to	19891	Definition:Big-O Notation/Also known as	0.9	equiv_section
11187	Definition:Polygon/Opposite	equivalent_to	11185	Definition:Vertex of Polygon	0.9	equiv_section
18590	Definition:Infinite Group/Uncountable	equivalent_to	18592	Definition:Uncountable Group	0.9	equiv_section
6528	Definition:Bounded Linear Transformation	equivalent_to	24921	Definition:Norm/Bounded Linear Transformation	0.9	equiv_section
3472	Definition:Local Basis	equivalent_to	3503	Definition:Neighborhood Basis	0.9	equiv_section
19	Definition:Set	equivalent_to	7528	Definition:Positive/Rational Number	0.9	equiv_section
23947	Curl of Curl is Gradient of Divergence minus Laplacian	equivalent_to	750	Definition:Operation	0.9	equiv_section
22626	Definition:Short Scale	equivalent_to	25420	Definition:Gillion	0.9	equiv_section
2251	Definition:Predicate Symbol	equivalent_to	7832	Definition:Relation Symbol	0.9	equiv_section
1813	Definition:Negative	equivalent_to	1542	Definition:Strictly Negative	0.9	equiv_section
585	Definition:Unity (Abstract Algebra)/Ring	equivalent_to	578	Definition:Ring (Abstract Algebra)	0.9	equiv_section
14732	Definition:Commensurable in Square Only	equivalent_to	3286	Definition:Length (Linear Measure)	0.9	equiv_section
485	Definition:External Direct Product	equivalent_to	493	Definition:Internal Direct Product	0.9	equiv_section
2395	Definition:Free Variable	equivalent_to	2392	Definition:Free Occurrence	0.9	equiv_section
3370	Definition:Set of Sets	equivalent_to	78	Definition:Set Theory	0.9	equiv_section
11393	Definition:Formal Language	equivalent_to	18399	Definition:Signature (Logic)/Predicate Logic	0.9	equiv_section
33	Definition:Logic	equivalent_to	14600	Definition:Leading Term	0.9	equiv_section
87	Definition:False	equivalent_to	88	Definition:Contingent Statement	0.9	equiv_section
12328	Definition:Unsatisfiable/Formula	equivalent_to	12378	Definition:Inconsistent (Logic)	0.9	equiv_section
14601	Definition:Following Term	equivalent_to	33	Definition:Logic	0.9	equiv_section
10705	Definition:Endorelation/General Definition	equivalent_to	6128	Definition:Domain of Relation	0.9	equiv_section
88	Definition:Contingent Statement	equivalent_to	87	Definition:False	0.9	equiv_section
1572	Definition:Dihedral Group	equivalent_to	11467	Definition:Symmetry Group of Square	0.9	equiv_section
5108	Definition:Metagraph	equivalent_to	8681	Definition:Object (Category Theory)	0.9	equiv_section
6194	Definition:Transversal (Group Theory)/Right Transversal	equivalent_to	3812	Definition:Right Transversal	0.9	equiv_section
13335	Definition:Strictly Negative Integer	equivalent_to	7539	Definition:Negative/Integer	0.9	equiv_section
52	Definition:Natural Language	equivalent_to	40	Definition:Symbol	0.9	equiv_section
7397	Definition:Term of Family	equivalent_to	7394	Definition:Indexing Set/Term	0.9	equiv_section
10948	Definition:Null Sequence (Analysis)	equivalent_to	6827	Definition:Sequence/Empty Sequence	0.9	equiv_section
5097	Definition:Indiscernible	equivalent_to	20	Definition:Element	0.9	equiv_section
9776	Definition:Consequent	equivalent_to	14601	Definition:Following Term	0.9	equiv_section
2236	Definition:Word (Formal Systems)	equivalent_to	3393	Definition:Null String	0.9	equiv_section
1174	Rank Plus Nullity Theorem	equivalent_to	9534	Bases of Vector Space have Equal Cardinality	0.9	equiv_section
47	Definition:Symbolic Logic	equivalent_to	7870	Definition:Mathematical Logic	0.9	equiv_section
20	Definition:Element	equivalent_to	5098	Definition:Order Indiscernible	0.9	equiv_section
78	Definition:Set Theory	equivalent_to	15521	Definition:Finite Ordinal	0.9	equiv_section
22608	Definition:Polydivisible Number	equivalent_to	767	Definition:Integer	0.9	equiv_section
14943	Definition:Continuously Proportional	equivalent_to	14939	Definition:Proportion/Continued	0.9	equiv_section
25583	Definition:Topology Induced by Division Ring Norm	equivalent_to	1122	Definition:Topological Space	0.9	equiv_section
7080	Definition:Discrete Measure	equivalent_to	6274	Definition:Sequence of Distinct Terms	0.9	equiv_section
1121	Definition:Metric Space	equivalent_to	14999	Definition:Chebyshev Distance/General Definition	0.9	equiv_section
15925	Definition:Additive Inverse/Number	equivalent_to	795	Definition:Number	0.9	equiv_section
27490	Definition:Meissel-Mertens Constant	equivalent_to	27492	Definition:Kronecker's Constant	0.9	equiv_section
16114	Definition:Preimage under Relation	equivalent_to	6994	Definition:Preimage/Relation	0.9	equiv_section
16301	Definition:Model Theory	equivalent_to	18399	Definition:Signature (Logic)/Predicate Logic	0.9	equiv_section
4082	Definition:Category	equivalent_to	8318	Definition:Order Category	0.9	equiv_section
1227	Definition:Matrix	equivalent_to	7695	Definition:Column of Matrix	0.9	equiv_section
134	Definition:Submagma	equivalent_to	16277	Definition:Category Theory	0.9	equiv_section
3884	One-Step Subgroup Test using Subset Product	equivalent_to	118	Definition:Subgroup	0.9	equiv_section
15699	Definition:Indexed Family	equivalent_to	7940	Definition:Indexing Set/Family of Sets	0.9	equiv_section
119	Definition:Group	equivalent_to	140	Definition:Commutative Semigroup	0.9	equiv_section
15700	Definition:Indexing Set/Family of Subsets	equivalent_to	15699	Definition:Indexed Family	0.9	equiv_section
16096	Definition:Inverse Image Mapping/Relation	equivalent_to	16097	Definition:Mapping Induced on Powerset by Inverse Relation	0.9	equiv_section
11901	Definition:Vertex of Graph	equivalent_to	10889	Definition:Tree (Graph Theory)/Node	0.9	equiv_section
127	Definition:Mapping	equivalent_to	8956	Definition:Final Topology	0.9	equiv_section
2572	Definition:Hamiltonian Path	equivalent_to	2331	Definition:Path (Graph Theory)	0.9	equiv_section
20141	Definition:Cullen Prime	equivalent_to	21069	Definition:Woodall Prime	0.9	equiv_section
23680	Definition:Linear Ring Action	equivalent_to	23698	Definition:Left Linear Ring Action	0.9	equiv_section
13420	Definition:Negative Real Function	equivalent_to	13422	Definition:Strictly Negative Real Function	0.9	equiv_section
19873	Definition:Canonical Variable	equivalent_to	16266	Definition:Mechanics	0.9	equiv_section
40	Definition:Symbol	equivalent_to	30	Definition:Statement	0.9	equiv_section
10228	Definition:Labeled Tree	equivalent_to	2269	Definition:Parsing Sequence	0.9	equiv_section
592	Definition:Unit of Ring	equivalent_to	452	Definition:Invertible Element	0.9	equiv_section
16629	Definition:Nonagon/Regular	equivalent_to	16639	Definition:Regular Nonagon	0.9	equiv_section
7122	Definition:Projection (Mapping Theory)/First Projection	equivalent_to	125	Definition:Cartesian Product	0.9	equiv_section
9227	Minkowski's Inequality for Sums/Corollary	equivalent_to	6867	Minkowski's Inequality for Sums	0.9	equiv_section
22322	Definition:Continuous Real Function/Everywhere	equivalent_to	2709	Definition:Continuous Real Function	0.9	equiv_section
15326	Definition:Neighborhood Space Induced by Topological Space	equivalent_to	15311	Definition:Neighborhood Space	0.9	equiv_section
25529	Definition:Open Ball/Normed Division Ring	equivalent_to	3512	Definition:Open Ball	0.9	equiv_section
2236	Definition:Word (Formal Systems)	equivalent_to	24375	Definition:String/Finite	0.9	equiv_section
9334	Definition:Cone (Category Theory)	equivalent_to	9377	Definition:Cocone	0.9	equiv_section
3294	Definition:Two-Row Notation	equivalent_to	6387	Definition:Permutation on n Letters/Two-Row Notation	0.9	equiv_section
1389	Definition:Series	equivalent_to	13839	Definition:Arithmetic-Geometric Sequence	0.9	equiv_section
5868	Definition:Little-O Notation	equivalent_to	19891	Definition:Big-O Notation/Also known as	0.9	equiv_section
21048	Definition:Ore Number	equivalent_to	1360	Definition:Reciprocal	0.9	equiv_section
8692	Definition:Unambiguous	equivalent_to	349	Definition:Well-Defined	0.9	equiv_section
7167	Definition:Extended Real Multiplication	equivalent_to	7722	Definition:Pointwise Scalar Multiplication of Extended Real-Valued Functions	0.9	equiv_section
10710	Definition:Strict Strong Well-Ordering	equivalent_to	2217	Definition:Well-Ordering	0.9	equiv_section
21536	Definition:Conjugacy Action	equivalent_to	1040	Definition:Group Action	0.9	equiv_section
1587	Definition:Sine	equivalent_to	11438	Definition:Sine/Definition from Circle	0.9	equiv_section
21615	Definition:Field Norm of Complex Number	equivalent_to	1150	Definition:Vector Space	0.9	equiv_section
15645	Definition:Strictly Totally Ordered Set	equivalent_to	384	Definition:Totally Ordered Set	0.9	equiv_section
5676	Definition:Unit of Algebra	equivalent_to	5670	Definition:Unital Algebra	0.9	equiv_section
18820	Definition:Payoff Function	equivalent_to	19	Definition:Set	0.9	equiv_section
7461	Definition:Integral of Measure-Integrable Function	equivalent_to	1556	Definition:Lebesgue Integral	0.9	equiv_section
1691	Definition:Sigma-Algebra	equivalent_to	7245	Definition:Space of Measurable Functions	0.9	equiv_section
12001	Definition:Generator of Monoid	equivalent_to	19	Definition:Set	0.9	equiv_section
19567	Definition:Mutually Orthogonal Latin Squares	equivalent_to	19565	Definition:Orthogonal Latin Squares	0.9	equiv_section
3352	Definition:Ordered Set	equivalent_to	8318	Definition:Order Category	0.9	equiv_section
26265	Definition:Order of Modified Bessel Function	equivalent_to	26266	Definition:Modified Bessel Function/First Kind	0.9	equiv_section
575	Definition:Semiring (Abstract Algebra)	equivalent_to	7737	Definition:Rig	0.9	equiv_section
1121	Definition:Metric Space	equivalent_to	15034	Definition:Supremum Metric/Continuous Real Functions	0.9	equiv_section
39	Definition:Object	equivalent_to	15694	Definition:Indexing Set/Family	0.9	equiv_section
732	Definition:Cardinality	equivalent_to	19565	Definition:Orthogonal Latin Squares	0.9	equiv_section
10003	Definition:Conditional/Subimplicant	equivalent_to	10007	Definition:Subimplicant	0.9	equiv_section
16717	Definition:Stationary	equivalent_to	3624	Definition:Body	0.9	equiv_section
6121	Definition:Codomain (Set Theory)/Relation	equivalent_to	33	Definition:Logic	0.9	equiv_section
2358	Definition:Labeled Tree for Propositional Logic/Hypothesis Set	equivalent_to	63	Definition:Premise	0.9	equiv_section
37	Definition:Simple Statement	equivalent_to	34	Definition:Atom (Logic)	0.9	equiv_section
7277	Definition:Pointwise Scalar Multiplication of Mappings/Real-Valued Functions	equivalent_to	5681	Definition:Real Multiplication	0.9	equiv_section
2241	Definition:Formal Grammar	equivalent_to	11862	Definition:Language of Propositional Logic/Formal Grammar	0.9	equiv_section
27059	Definition:Gaussian Domain	equivalent_to	650	Definition:Unique Factorization Domain	0.9	equiv_section
1857	Definition:Basic Null Sequence	equivalent_to	25278	Sequence of Powers of Number less than One/Complex Numbers	0.9	equiv_section
12340	Definition:Unsatisfiable/Set of Formulas	equivalent_to	18278	Definition:Semantically Consistent	0.9	equiv_section
18592	Definition:Uncountable Group	equivalent_to	18590	Definition:Infinite Group/Uncountable	0.9	equiv_section
475	Definition:Congruence Relation	equivalent_to	148	Definition:Equivalence Relation	0.9	equiv_section
7940	Definition:Indexing Set/Family of Sets	equivalent_to	19	Definition:Set	0.9	equiv_section
736	Cardinality of Codomain of Surjection	equivalent_to	311	Definition:Surjection	0.9	equiv_section
21133	Definition:Candidate Lychrel Number	equivalent_to	21134	Definition:Lychrel Number/Candidate	0.9	equiv_section
885	Definition:Real Function	equivalent_to	22322	Definition:Continuous Real Function/Everywhere	0.9	equiv_section
15925	Definition:Additive Inverse/Number	equivalent_to	15926	Definition:Additive Inverse of Number	0.9	equiv_section
19526	Definition:Second Foiaș Constant	equivalent_to	19523	Definition:Foiaș Constant	0.9	equiv_section
18228	Definition:WFF of Predicate Logic	equivalent_to	2392	Definition:Free Occurrence	0.9	equiv_section
19	Definition:Set	equivalent_to	19565	Definition:Orthogonal Latin Squares	0.9	equiv_section
6106	Definition:Norm	equivalent_to	21615	Definition:Field Norm of Complex Number	0.9	equiv_section
12005	Definition:Boolean Interpretation	equivalent_to	88	Definition:Contingent Statement	0.9	equiv_section
8288	Definition:Category of Ordered Sets	equivalent_to	362	Definition:Partially Ordered Set	0.9	equiv_section
554	Definition:Proper Subgroup	equivalent_to	12267	Definition:Proper Subgroup/Non-Trivial	0.9	equiv_section
3624	Definition:Body	equivalent_to	16717	Definition:Stationary	0.9	equiv_section
5709	Definition:Generated Algebraic Substructure	equivalent_to	19	Definition:Set	0.9	equiv_section
9062	Definition:Number Field	equivalent_to	4128	Definition:Algebraic Number Field	0.9	equiv_section
2309	Definition:Singular Boolean Function	equivalent_to	11908	Definition:Boolean Domain	0.9	equiv_section
1698	Definition:Real-Valued Function	equivalent_to	7462	Definition:Space of Integrable Functions	0.9	equiv_section
2392	Definition:Free Occurrence	equivalent_to	3455	Definition:Bound Variable	0.9	equiv_section
11393	Definition:Formal Language	equivalent_to	11851	Definition:Signature (Logic)	0.9	equiv_section
125	Definition:Cartesian Product	equivalent_to	7122	Definition:Projection (Mapping Theory)/First Projection	0.9	equiv_section
6129	Definition:Preimage of Relation	equivalent_to	6413	Definition:Image (Set Theory)/Relation	0.9	equiv_section
9062	Definition:Number Field	equivalent_to	580	Definition:Ring Zero	0.9	equiv_section
19973	Definition:Ramanujan-Nagell Number	equivalent_to	1869	Definition:Mersenne Number	0.9	equiv_section
20745	Definition:Unitary Group	equivalent_to	5670	Definition:Unital Algebra	0.9	equiv_section
2684	Definition:Strict Total Ordering	equivalent_to	383	Definition:Total Ordering	0.9	equiv_section
110	Definition:Abelian Group	equivalent_to	140	Definition:Commutative Semigroup	0.9	equiv_section
26266	Definition:Modified Bessel Function/First Kind	equivalent_to	26263	Definition:Modified Bessel Function	0.9	equiv_section
3362	Definition:Cardinal	equivalent_to	8557	Definition:Class of Infinite Cardinals	0.9	equiv_section
1805	Parallel Law for Extremal Length	equivalent_to	1800	Series Law for Extremal Length	0.9	equiv_section
730	Definition:Finite	equivalent_to	3082	Definition:Subadditive Function (Measure Theory)	0.9	equiv_section
2709	Definition:Continuous Real Function	equivalent_to	22322	Definition:Continuous Real Function/Everywhere	0.9	equiv_section
149	Definition:Equivalence Class	equivalent_to	344	Definition:Quotient Mapping	0.9	equiv_section
1698	Definition:Real-Valued Function	equivalent_to	7245	Definition:Space of Measurable Functions	0.9	equiv_section
747	Definition:Sequence	equivalent_to	22587	Second Principle of Recursive Definition	0.9	equiv_section
6124	Definition:Codomain of Relation	equivalent_to	10705	Definition:Endorelation/General Definition	0.9	equiv_section
3146	Definition:Geometric Distribution	equivalent_to	10798	Definition:Geometric Distribution/Shifted	0.9	equiv_section
16357	Definition:Ramsey Theory	equivalent_to	2	Schur-Zassenhaus Theorem	0.9	equiv_section
27495	Definition:Kakeya's Constant	equivalent_to	27496	Definition:Bloom-Schoenberg Number	0.9	equiv_section
6413	Definition:Image (Set Theory)/Relation	equivalent_to	25	Definition:Subset	0.9	equiv_section
6975	Definition:Dirac Measure	equivalent_to	1973	Definition:Measure (Measure Theory)	0.9	equiv_section
747	Definition:Sequence	equivalent_to	7080	Definition:Discrete Measure	0.9	equiv_section
3157	Bernoulli Process as Geometric Distribution	equivalent_to	3168	Definition:Shifted Geometric Distribution	0.9	equiv_section
15521	Definition:Finite Ordinal	equivalent_to	4677	Definition:Natural Number	0.9	equiv_section
